Review ID,UserName,Rating,Comment,Date,Priority,NextAction,Department,UserType
7c7050e9-26aa-4b62-a53c-266d5c59b033,Padam Singh,5,seva,2026-06-30 11:10:17,P3,Assess review and route to appropriate department.,Support,Inquirer
041b808c-6195-4727-908d-dd2c60e66ffe,Sangram Malik,5,This is a great initiative but one thing me and many more people want is that there shouldn't be any minimum donation amount. I behalf of them kindly request impact guru to make this change. Thank You 😊,2026-06-23 18:46:04,P3,Assess review and route to appropriate department.,Support,Inquirer
3b825a75-3b27-4585-b702-af5f355b4056,Laura Santana,5,love everything 💖,2026-06-21 01:34:14,P3,Assess review and route to appropriate department.,Support,Inquirer
1d208d7e-820b-415c-bdc1-36e3ce2e88ac,ravi kumar,5,Good Service Platform for needy people,2026-05-24 22:53:25,P3,Assess review and route to appropriate department.,Support,Inquirer
5504398e-5062-4dd3-ae2c-304fd7d32817,Chetana Kumar,5,I am happy that beneficiaries are verified and donations made reach them to make differnece in their lives. Its a clean app and accepts UPI payments.,2026-05-15 13:09:24,P3,Assess review and route to appropriate department.,Support,Inquirer
e870aeaf-f953-47ae-8934-9e9f2780275f,Suraj yadav,1,"froud hai ye log donation ka paisa khaa jate hai ,.mera 25 lakh kha gye , cashe kiya to document dikhane Lage ki tumne sin kaye hai, koi mat inke bahkave me aana",2026-04-24 01:40:28,P3,Assess review and route to appropriate department.,Support,Inquirer
1de4181f-2653-400c-b677-bf1c843ca539,Prashant Kumar,1,"Scam Alert! We raised a campaign for our friend. They took all the documents, medical bills, reports for proof and made a post for donation. And asked us all to donate first and assured within 2 days the raised amount will be completed. We got scammed, rather than spending our money directly to the patient, we donated here. Our patient after all his surgery discharged from the hospital and completed his 2 routine weekly checkups but the amount is same what we have donated. Now our money is stuc",2026-04-17 23:13:01,P3,Assess review and route to appropriate department.,Support,Inquirer
20632c5e-ea5d-4934-8d5e-8b133dcae7e8,Ranjit Singh Chouhan,1,Fraud. they say they will send an email for form 84 but did not receive any. When I tried to login to the app it kept me in the loop of login and signup. I will do a police complaint and want this firm to be scrutinized.,2026-04-17 10:17:41,P3,Assess review and route to appropriate department.,Support,Inquirer
e38d94fd-d90d-41f9-9a85-a1610db310bc,Akash Wali,1,They charge 30% of tax for collected money example 9k deducted for 20k.... So don't choose this platform....,2026-03-24 23:40:23,P3,Assess review and route to appropriate department.,Support,Inquirer
cf0f2e73-78d2-4c67-86cb-47e1d40c4833,Anil Bansal,1,ye app bilkul fraud hai..mene mere ek frnd ko 5k donet kiya ..in app walo me one time k naam pay 3500rs ous garib or lachar aadmi k khaa liye.. aise choro k against leagel action lena chaiye jo garib ka paisa khaa rehe..ous garib ko pahel bataya bhi nehi k ye paisa katenge... @cyber police #scamer,2026-02-21 19:18:08,P3,Assess review and route to appropriate department.,Support,Inquirer
70cff5d4-999c-4992-8981-188c37f7ad5c,maaz ali,1,It's a scam. Please don't fall for this app for crowdfunding you will never get the money for patients.,2026-02-12 10:42:40,P3,Assess review and route to appropriate department.,Support,Inquirer
e421fc28-b013-4f61-8076-33fed937807d,Girish K,3,my negative experience is that I want to do one time donation but the team members repeatedly call to make a monthly donation. and if a particular fundraiser goal is completed why can't you reassign the donation to a different cause yourself. you call me to stop auto-pay for old cause and start donation for new cause allover again. keep it simple.,2026-02-08 16:57:17,P3,Assess review and route to appropriate department.,Support,Inquirer
56895f9b-e0ef-4032-8e1c-dd97b12bbc99,mahanthi mahanthi,5,Nice App,2026-02-02 20:49:31,P3,Assess review and route to appropriate department.,Support,Inquirer
08fe6684-93c1-49c6-9e5b-ecfcaaadc338,Varsha,1,don't believe themmm,2026-01-29 15:52:04,P3,Assess review and route to appropriate department.,Support,Inquirer
129082c1-b0a6-4543-94cb-ef630a700174,Vikash Rathore,1,"Fraud. Why? Because they need customer support. Those who want to donate will do so, but if we somehow proceed to the payment page and then stop ourselves from making the payment, within two minutes they start calling multiple .",2026-01-25 11:19:17,P3,Assess review and route to appropriate department.,Support,Inquirer
58227a26-8f78-4204-9d29-7ef0c3fd153f,Rajithaaadhikyajithender,1,Always Logout when data kept off or switching the Data sim.,2026-01-23 08:19:24,P3,Assess review and route to appropriate department.,Support,Inquirer
35a6e3b2-dc5f-4e6a-8953-a21e882860d5,vishnu jampala,1,"More taxes are deducting, For withdrawal amount, and deposit amount, think before using, not friendly for withdrawal of money.",2026-01-15 10:28:40,P3,Assess review and route to appropriate department.,Support,Inquirer
8211f28f-d917-4815-9110-cea08eeff36f,VENU GOPAL REDDY GONE,5,Use this payment option to get more donations added for those you help raise funds.,2025-12-25 23:19:28,P3,Assess review and route to appropriate department.,Support,Inquirer
c57d947a-2398-4b01-90af-a0036791fd82,Dattatray Saggam,5,Very good,2025-12-25 23:15:24,P3,Assess review and route to appropriate department.,Support,Inquirer
7cca124e-d93f-4ff9-9ee1-6b44df9aa970,Deep Arora,5,🙏 waheguru 🙏 🙏Har Har Mahadev 💐,2025-12-24 09:49:58,P3,Assess review and route to appropriate department.,Support,Inquirer
5fd0911f-0ea2-4feb-9bfb-f087930b86a1,Amit Mohanty,5,Good Experience.,2025-12-12 18:52:52,P3,Assess review and route to appropriate department.,Support,Inquirer
ba600bb3-cf92-41a8-9c2c-68f1fdc4345a,Nitish Rao,1,"Why are you sending me payment requests on Phonepe? need a consumer court complaint ? Response - Sorry, I'm not helping. Especially, not after the 4.5 crore fraud case where the funds never reached the kid which was all over the news. Moreover, you people ask payments directly to ImpactGurus bank account. How do I even know where the money goes? I'd rather deposit directly into the family's account",2025-11-30 22:08:17,P3,Assess review and route to appropriate department.,Support,Inquirer
5afdfbed-b460-476a-89b0-1e8118915bf6,Adil Meeran,1,"I worked with Impact Guru for approximately nine months, and I would like to share my experience in a professional and transparent manner. When I joined, I was assigned to the GEM (Give Every Month) department. I was initially motivated because I believed the funds were directly benefitting critically ill children. I worked with full dedication to engage donors and support these causes. However, over time I observed several practices that raised concerns for me. A one-time donation link was pl",2025-11-29 11:46:30,P3,Assess review and route to appropriate department.,Support,Inquirer
ca00c8cc-3761-4ce9-886d-7987d76169ea,Chris Pereira,1,I had raised funds for my father in law as he is going through multiple surgeries however I had put an ad with the help of impact guru got amazing assistance calls but honestly the funds i raised was only from my contacts nothing from impact guru and now the campaign have been taken off and they charge you for fr own people donation better to ask directly than from here 10k was deducted and it's process also took 4 days even after submitting the documents on the same day rest is your choice.,2025-11-10 16:06:02,P3,Assess review and route to appropriate department.,Support,Inquirer
8c8c6815-d17d-458e-b387-ab68864bf91a,Rahul Dubey,5,good app,2025-11-09 17:17:07,P3,Assess review and route to appropriate department.,Support,Inquirer
66598169-faba-4c38-b5a8-99d6a541fd40,Mechanical Engineer 221991,1,Too many calls even after telling them not to call......,2025-11-02 16:44:38,P3,Assess review and route to appropriate department.,Support,Inquirer
42cf7d44-fe45-4356-b1e4-6a0c292f7409,mohit kumar,1,after seeing the comments I uninstalled without signup. proves fake app,2025-10-14 06:20:57,P3,Assess review and route to appropriate department.,Support,Inquirer
a603a350-b646-4a63-bc31-3dcd427d1c53,JAMES LALREMRUATA DRUMMER,1,"80% of fake funds receiver's accounts, don't trust this app don't download!!! Scam Alert",2025-10-07 15:14:01,P3,Assess review and route to appropriate department.,Support,Inquirer
20f4507c-cdb2-4f6a-b421-b7cf4da487a7,Rajput Vipulkumar,5,helping app.,2025-10-07 11:10:51,P3,Assess review and route to appropriate department.,Support,Inquirer
94d3bf0e-8353-4a5d-97d2-fb2fb9515d30,Lalla Sinha,3,🙏❤️,2025-10-01 08:30:03,P3,Assess review and route to appropriate department.,Support,Inquirer
762eaedd-11ed-4afd-9b04-4a536618327a,A C,1,"I feel this platform is misleading users. While creating a fundraiser, it clearly says the option is only for personal causes, but their IVR and phone support encourage raising funds for NGOs. This contradictory information confuses donors and fundraisers and may amount to misrepresentation of services. Platforms dealing with public money must maintain transparency, honesty, and legal clarity.",2025-09-29 13:28:17,P3,Assess review and route to appropriate department.,Support,Inquirer
bf6a6f2d-ab15-481a-a73e-288ec6f7871a,Piyush Prashan,1,Fraud app ......just making payout and playing with people's emotions.......pure fraud...... don't download it..... it's a scam only,2025-09-27 23:04:39,P3,Assess review and route to appropriate department.,Support,Inquirer
685b6f74-1aa4-4668-a644-d670fe560489,Zeenath Ziyad,5,very helpful,2025-09-17 20:03:50,P3,Assess review and route to appropriate department.,Support,Inquirer
71275632-9b5e-4426-8b1e-bdf619eaf706,Sitaram Sahu,1,i can't withdraw the money collected.I can't add bank account to withdraw the collected fund. the patient might die if you depend on the raisee fund. Don't try this application if you want any fund for the treatment. It's really frustrating,2025-09-11 12:30:25,P3,Assess review and route to appropriate department.,Support,Inquirer
4b02dc7a-78eb-4fbf-ba27-140f505001d1,Umer,1,These guys are scammers they only want you to get funds from family and friends. Will not help you to get funds from masses.Also when it comes to disbursal they will make you cry. Don't try them,2025-09-03 18:38:03,P3,Assess review and route to appropriate department.,Support,Inquirer
aab02321-b0b0-4cea-8ece-ce6400218032,Rahul Chowdhury,1,No support at all,2025-08-30 15:49:54,P3,Assess review and route to appropriate department.,Support,Inquirer
f0d8d729-473b-486f-9fbe-bc66053c0e99,Bobbili Mahesh,1,"My exper with Impact Guru was disappointing. We raised 17K for my sister, O. Rajitha, but lost nearly INR 5K in fees 3,500 as platform fee, and $40 + GST deducted from a $20 contribu from the US, leaving us with INR 12,020. When I withdrew, only INR 12,020 was accessible,clct by only me which felt unfair. During an emergency, Impact Guru refused to release funds without a bill, despite medical reports, forced us to gather money and travel 150 km, delaying urgent care. I wouldn’t recommed",2025-08-29 20:07:32,P3,Assess review and route to appropriate department.,Support,Inquirer
f3375438-2c7b-4f35-abbc-7781296ceaf5,Mr. Jha,1,"fake application, when time to transfer your payment, they denied, It only make suffering worst. please don't donate.",2025-08-28 16:37:51,P3,Assess review and route to appropriate department.,Support,Inquirer
fcfed857-d500-4f45-9ec1-35cab5780905,Islamick Bangla,5,varry good,2025-08-28 12:28:20,P3,Assess review and route to appropriate department.,Support,Inquirer
141e5b50-ff55-4e07-b2b8-83a47f27b766,Rakesh Mandal,1,"Impact Guru is one of the most unprofessional and unreliable platforms I have ever come across. They make big promises but completely fail to deliver. Their support team is careless, irresponsible, and only gives false assurances. Funds are delayed, communication is pathetic, and there is zero accountability. Instead of helping people in critical situations, they exploit emotions and create unnecessary stress. If you value your time, money, and peace of mind — DO NOT trust Impact Guru.",2025-08-24 23:37:38,P3,Assess review and route to appropriate department.,Support,Inquirer
ae6a4fb6-e241-4805-bfb4-b35bebd27a14,Prabhu dev,1,"Worst service, These guys charge hefty charges. And annoys everyone with upselling like insurance products. and the withdrawal process is taking years. Worst service. 1 Star is also not eligible.",2025-08-24 10:27:12,P3,Assess review and route to appropriate department.,Support,Inquirer
469a1a75-b9b4-402c-8818-164733ec8d9e,WILFRED MIRANDA,5,good app,2025-08-06 22:38:51,P3,Assess review and route to appropriate department.,Support,Inquirer
d6ed80c0-2679-4795-980f-5e957184cef1,indhumathi gopalakrishnan,1,These people are calling in work hours several times...like spam several times...I am fed up...I would rather visit the orphanage directly..I am canceling my subscription..,2025-07-21 13:11:37,P3,Assess review and route to appropriate department.,Support,Inquirer
70f1b44a-211e-4a0a-bf6b-fa5bc73d0dc5,Sohail Momin,1,worst app and organisations..not helpful at all.,2025-07-14 01:12:48,P3,Assess review and route to appropriate department.,Support,Inquirer
f701a273-2f3f-4792-b28f-b2afef2f175a,jairam lucky,5,great full for public used,2025-07-13 23:01:48,P3,Assess review and route to appropriate department.,Support,Inquirer
ad294e7f-564b-4260-b315-29d7a097e9eb,SOURIN MUSTAFA MONDAL,1,"this app is not user friendly, 😭 vary complex app for normal users , I don't find My pasent 😭😭😭",2025-07-12 19:47:18,P3,Assess review and route to appropriate department.,Support,Inquirer
5d3a7113-64e5-4d80-8453-008a48bf19da,Kishore Ch,5,best service app,2025-07-06 22:11:17,P3,Assess review and route to appropriate department.,Support,Inquirer
a705c9f1-6230-47bd-842b-3712ea508313,Avinash,3,Had some good experience but some bad experiences with the team sending 80 g to wrong mail id and funnily all there spam mails comes straight to my mail without issues but no my 80g. This is disappointing and would ask people to beware of issues like these.,2025-07-06 13:34:10,P3,Assess review and route to appropriate department.,Support,Inquirer
9ee6b7f3-37dd-4f9e-a761-b32f3862e090,Bhagyajyoti Priyadarshini,1,Spammer organisation. This organization is proactive in spamming people with unwanted phone calls in all odd hours possible. What on earth makes them feel that a person is available 2 times every day to have a chit chat with your employees on signing up for different policies. I have already requested them to stop making calls to me for whatsoever reason but that sees no end. I have blocked 4-5 phone number but the employees call me with a different numbers everytime.,2025-07-04 20:24:14,P3,Assess review and route to appropriate department.,Support,Inquirer
2c8c60c7-9911-4cb8-b21a-4d3771e03046,Divya Dy,5,good helping who can't afford to the hospital Bill for them there is a good option,2025-07-01 23:41:12,P3,Assess review and route to appropriate department.,Support,Inquirer
7a4de40f-e955-4edb-adc2-6df7f9635989,yash Sharma,1,fraud app don't believe,2025-06-19 19:21:35,P3,Assess review and route to appropriate department.,Support,Inquirer
60b6c0bc-c3ea-4a4b-9347-364b7a80a230,Manju Jackson,4,"I'm grateful to ImpactGuru and especially to Mr. Nabeel Ahmed J for the incredible support. When my sister was admitted to MS Ramaiah Hospital with serious kidney complications, we were overwhelmed—both emotionally and financially. But thanks to ImpactGuru’s platform and Nabeel for his timely help and guidance helped us reach generous donors quickly. The campaign was handled with care, empathy, and professionalism. Thank you from the bottom of my heart.",2025-06-13 21:16:44,P3,Assess review and route to appropriate department.,Support,Inquirer
c62099be-7e5b-49ea-a88a-2734b6d91caf,Shail Shailly Sharma,1,I have donated money but it is not showing in app ....customer care is saying that they have refunded money but I have not received it yet,2025-06-09 10:11:46,P3,Assess review and route to appropriate department.,Support,Inquirer
30f6c766-ffc9-4cfe-860c-4315bb2cd7c8,Guna Sekaran,1,"Very worst experince with this application.We raise a fund for a 4 year old child for her heart surgery.We can't withdraw the money collected.I can't add bank account to withdraw the collected fund.Always showing ""please try again later"" in the account add page for a two months. Don't try this application if you want any fund for the treatment",2025-05-30 23:15:18,P3,Assess review and route to appropriate department.,Support,Inquirer
e97e9359-09db-446e-a2f5-e86da14550b4,Divya Kumari,1,"Don't believe on this app,this is a cheater app, they don't do any type of crowd funding.it will make you get help from your own relatives and friends and for this you don't need this app. when your friends and relatives donate you, they will keep your donation.you have to apply a complex process to get your money.when you need money, you can't get it and they will keep a huge amount of donated money.please don't trust this app.",2025-05-24 10:14:54,P3,Assess review and route to appropriate department.,Support,Inquirer
f670d94e-954d-4fe6-ad67-c7ee36e282ac,Ramu Patel,1,#boycott impact Guru this app is total scam the donation money Will not transfer to the patient family members back there are scaming the people money by using the name of donations #boycott impact Guru,2025-05-21 16:53:12,P3,Assess review and route to appropriate department.,Support,Inquirer
8e646c8c-5c94-4fde-854b-a2ee7a849726,L Bansal,5,I could easily donate . Associating with noble cause of helping save a life is always good. Tip or no tip can be transparently seen in app.,2025-05-20 09:47:43,P3,Assess review and route to appropriate department.,Support,Inquirer
3081d559-ebf5-4420-8960-8d55c94d20e7,Logeshwari Jayakumar,1,It is a FRAUD APP actually... They will try to soap you to collect money from our friends and family but finally they won't give your money. WE HAVE SUFFERED FOR OUR MOM BY TRUSTING THAT THEY WILL GIVE US THE MONEY. FINALLY THEY CHEATED.. 😡,2025-05-17 10:03:38,P3,Assess review and route to appropriate department.,Support,Inquirer
52cfbc4f-d3a3-4bea-a967-cdecf9d1329c,Aniket Bhamare,5,nice work,2025-05-16 21:06:25,P3,Assess review and route to appropriate department.,Support,Inquirer
a5daf807-a7e2-47c7-96f0-2f54c7e5445e,Mahadeb Gunguly,5,"very good,Great job done by impact guru team, keep it up",2025-05-07 20:21:07,P3,Assess review and route to appropriate department.,Support,Inquirer
91a35411-65ec-4a09-a8c2-4d030773bccb,Saket Pandey,1,cheaters they don't give you full information and on the app when there is option to upload documents then still they are asking for documents to be shared on whatsapp. Their senior says something and sufiyan say something else.,2025-04-22 19:06:21,P3,Assess review and route to appropriate department.,Support,Inquirer
768b3cb1-7fc3-4fcd-a362-240b9feb7ede,Abhay Malthane,1,"Impact Guru appears to be a fraudulent organization that collects donations from ordinary individuals under the pretense of helping people suffering from critical illnesses. I had previously donated money with no expectation of personal benefit. Recently, their team contacted me and requested a donation of ₹2,000, promising several benefits in return. I was informed that I would receive insurance coverage worth ₹10,00,000, along with a MediBuddy plan. Till date chasing them for a medical card.",2025-04-20 16:30:50,P3,Assess review and route to appropriate department.,Support,Inquirer
0605ec5c-53e2-4cb5-93f6-c533db35e16b,Sandeep Kumar,2,once you donate for any noble cause then they spam you with calls for further donations.,2025-04-12 16:08:35,P3,Assess review and route to appropriate department.,Support,Inquirer
8e139ea5-dd2b-4f5b-9eb6-6349a09deb37,MUFADDAL SOGIAWALA,1,"impact guru is a nice app helping people in need. But, medibuddy is their way to scam people and take money they need. they give unnecessary addons and charge you money without your knowledge.so dont go with medibuddy take other good insurance.",2025-04-11 13:28:15,P3,Assess review and route to appropriate department.,Support,Inquirer
01b2a5b8-5079-4d95-95be-1f012d5a23cb,Ajeet Yadav,4,Dear Impact Guru i am struggling a bankruptcy i am facing a hair loss and due to this having in anxiety and no confidence in life will this platform help me I wanted a treatment so I can again be happy in life .,2025-04-07 19:41:59,P3,Assess review and route to appropriate department.,Support,Inquirer
69645643-1754-4715-92dd-4b6fc5ddaad7,Manali Chowdhury,3,extra charges levied.,2025-04-07 10:01:11,P3,Assess review and route to appropriate department.,Support,Inquirer
6f60d494-2dc3-4a2a-a6ac-c6f1b3985108,Kuldeep Kumar,1,"For our cancer patient we collected 82,000 rs. from our relatives and our known one only and they cut 30,000 rs saying that it's their charges. This is what they're doing. They should be little afraid of God for what they're doing. They're proper scammers.",2025-04-04 20:53:55,P3,Assess review and route to appropriate department.,Support,Inquirer
673d6c4f-2d6a-40d1-abd4-95c88f5033c7,Pravin Soni,1,Very bad services. Please do not use this application.,2025-03-29 12:57:15,P3,Assess review and route to appropriate department.,Support,Inquirer
76814800-5c10-4fb7-b32f-0b437d3fbc35,Aazaan Aftab,5,This is like heaven for me!,2025-03-23 23:12:12,P3,Assess review and route to appropriate department.,Support,Inquirer
b27d17ab-b0e0-4c47-b410-8056ee9cc1d9,Shubham Chauhan,1,"No proper data of my Donations. I was using their platform for a donation purpose for 2 to 3 years, but when i asked them for my donation history there was nothing on their app. Even their care executives couldn't answer and had nothing to show. I just stopped all my monthly donations on this app because i don't trust their platform anymore.",2025-03-22 16:32:58,P3,Assess review and route to appropriate department.,Support,Inquirer
4256bc05-daf8-44d3-8bd6-24c942c04f97,Ramana,2,Useful app but I don't like the layout or design quite frankly I don't even like too many oftions on the homepage might confuse user. then confuse layout design this app not user friendly.,2025-03-20 17:24:26,P3,Assess review and route to appropriate department.,Support,Inquirer
feced408-b064-4766-8b63-bbd71291d390,Yadav Arun,1,DO NOT GET IN THIS TRAP ¡¡¡ They are in touch of all the hospitals from where they collect the data of patients attendant and call them to fool them by offering free service of financial support.,2025-03-11 09:11:00,P3,Assess review and route to appropriate department.,Support,Inquirer
def94dcb-ccbb-4677-a990-a57950de7951,varun s thambi,1,"Very bad ..Milaap is the way to go! A friend’s 23-year-old brother has been on a ventilator, and during this difficult time, this scam has relentlessly troubled them. Nonstop calls were made to sell and deceive customers, adding to their distress. The additional trauma caused by the dishonest team members is beyond words.",2025-03-07 21:26:24,P3,Assess review and route to appropriate department.,Support,Inquirer
e4c7a1d5-8f8e-478a-8255-b3bd2b4c2aa6,Ddesikaregar,1,Worst. Don't trust them they are totally fake they just waste your time and Don't give you your share of crowdfunding.They are not here to help others they are making business out of their campaign.They talk to you very politely but never take action for you. They are also charging hidden charges and tips which more than 60%. They don't disclose all the policies to you and later they said it your fault. They don't understand your condition. It's totally fake.,2025-03-07 16:56:51,P3,Assess review and route to appropriate department.,Support,Inquirer
bff2f3f4-8825-481c-979a-801319a22bc2,Abdullah Sk,5,helpful app,2025-03-04 19:49:31,P3,Assess review and route to appropriate department.,Support,Inquirer
41944f59-8e98-4ec3-afdf-8f6c419d3b7c,Daya Shanker Kashyap,5,great job done by impact guru team.keep it up,2025-03-04 19:46:51,P3,Assess review and route to appropriate department.,Support,Inquirer
cca0bfc1-e545-47d2-8392-1f41596cf4c0,Jaber SHAIK,5,good,2025-03-03 18:12:45,P3,Assess review and route to appropriate department.,Support,Inquirer
fc85b641-44d1-4d73-b312-984edbd3bc93,BRISAKETU BERA,5,Very good app,2025-02-19 11:33:26,P3,Assess review and route to appropriate department.,Support,Inquirer
eaa79901-49cc-4ca5-b015-add007123386,Tohid Ansari,5,Otp नहीं आरहा,2025-02-07 12:18:41,P3,Assess review and route to appropriate department.,Support,Inquirer
e01cf7b8-7a25-46ea-bbdf-905310f90780,Lobsang Yeshi,5,Help poor people 🙏🙏👈,2025-02-02 06:18:03,P3,Assess review and route to appropriate department.,Support,Inquirer
73324a1b-e808-476d-bbec-38453fa61eaa,avdhut patil,1,Not good for who suffered into the fund raising people's and relatives do not download and do not donate on this app bad experience 👎👎,2025-02-01 15:13:01,P3,Assess review and route to appropriate department.,Support,Inquirer
ba8b150c-e50e-4e49-b55c-3e1a35c42f35,visshal patil,1,"They called me for donations because, I doneted 10,000 for one of my friends posted his illness This time when they said someone need help so please send money and we give you medibuddy prime account where you will get 70% discount but after doneting 2,000 and out of that only 100 INR used for patient rest money where go I don't know. What ever discount they said on medibuddy that is also not true This is new way of scam with the help of using poor patient medical records",2025-02-01 08:51:57,P3,Assess review and route to appropriate department.,Support,Inquirer
f9915781-b359-44fb-b598-b5bd8cbf71cd,Saksham Katiyar,1,"Milaap is the way to go! This scam has pestered me while my 23YO brother is on Ventilator, they call non stop to sell and scam its customers. I can't even explain in words the additional trauma these lying team members have given me.",2025-01-31 00:29:16,P3,Assess review and route to appropriate department.,Support,Inquirer
78e10ec2-b414-4a06-96f6-58dbf56d3b75,Prasad Prasad,5,Good,2025-01-22 14:48:41,P3,Assess review and route to appropriate department.,Support,Inquirer
9ac598b5-aa9d-4a5c-8252-cefc684b2747,Chakra Nag,3,thank you so much 👍,2025-01-18 05:33:07,P3,Assess review and route to appropriate department.,Support,Inquirer
2b93a56e-9c82-4b7a-b0f0-030acaaaf4b7,SUBRATA DEY,4,good job,2025-01-16 13:50:52,P3,Assess review and route to appropriate department.,Support,Inquirer
b1919025-acb8-43c2-9a9b-204ba345ca29,Pradyuman Singh,1,Fraud app Money was taken from me in the name of insurance and I have not received any account of it till date.,2025-01-15 07:57:56,P3,Assess review and route to appropriate department.,Support,Inquirer
f5f570e1-cc74-49cd-84d3-aeda1fcff279,Govind Kumpawat,1,Your response times are frequently slow.” “Your tone in written communication can be too formal.” “You often put customers on hold for too long.” “You often fail to follow up with customers as promised.”,2025-01-09 19:31:18,P3,Assess review and route to appropriate department.,Support,Inquirer
e13d1063-fa31-4b30-b9c4-3b91f0400930,Ramesh M,5,🙏🙏🙏🙏🙏🙏🙏🙏🙏🙏,2025-01-08 22:26:42,P3,Assess review and route to appropriate department.,Support,Inquirer
11882df6-7939-47e8-998c-bc5dde24be31,Digital_ramukdl08,4,public helping,2025-01-05 15:33:49,P3,Assess review and route to appropriate department.,Support,Inquirer
d50dded0-7b0e-4e7d-aa6b-fceefca3e29c,Sasi Kumar,5,🐶SaKee🐱,2024-12-31 09:31:14,P3,Assess review and route to appropriate department.,Support,Inquirer
07bd7200-1d8d-4848-a587-bb00a0e001b0,Tapan kairy Technical,4,"Last time i need help for harniya oparation, Hole wolrd no body help me, many place try, Than i take loan 40k and arenge 20k finally oparation done, But question no body help poorer in India,",2024-12-30 17:47:05,P3,Assess review and route to appropriate department.,Support,Inquirer
a602ff59-107c-4f7d-9841-aa58e29faf26,Stella Parker,5,it's noble cause.,2024-12-26 19:41:29,P3,Assess review and route to appropriate department.,Support,Inquirer
e290a8df-0b4b-4cd3-a8a4-62906b2733b8,It's Blossom Girl,1,Do not donot our money here they are shown fake documents where mentioned all things but they did not help needfull person they have poliet customer service team but they treat them like a donkey Impact guru this is a truely fake platform if any person wants to donot for needy person so kindly co ordinate with those people Impact guru provided wrong information if you guys want call centre address i will share it kindly closed like that scams there was good staff but high level team forced,2024-12-24 21:57:52,P3,Assess review and route to appropriate department.,Support,Inquirer
1cfcda8f-e579-48fb-a705-59d0e9c7f7a2,SOUVIK DEY,5,Very supportive.,2024-12-06 23:04:02,P3,Assess review and route to appropriate department.,Support,Inquirer
b4ef0a3b-9ae7-44be-b1de-f9625aec43a6,MIRIYALA MACHENDER,5,Very helpful for who are in need thank you team for quick response for helping my friends daughter treatment you are the hope for helpless 🙏🙏🙏,2024-11-14 22:04:29,P3,Assess review and route to appropriate department.,Support,Inquirer
50c047fa-bfeb-4fae-9b45-7a0ccf0a5640,venigalla nagendra,5,Interesting application,2024-11-14 09:13:07,P3,Assess review and route to appropriate department.,Support,Inquirer
2d04b469-5e1a-42f4-b14f-6579bf81070f,Vijayakumar Ponnusamy,5,Very good platform,2024-11-11 14:36:28,P3,Assess review and route to appropriate department.,Support,Inquirer
e5ba6cf5-148d-474b-a31d-e9e25d951c50,Kunalrajput Rajput,5,bestest app,2024-11-10 13:21:07,P3,Assess review and route to appropriate department.,Support,Inquirer
a36e55e6-4c0f-4109-b4ea-faa8354f01c0,Sapna Lodha,5,its a very fantastic way to pray and see the god in patients. its amazing satisfaction for us to serve our god in the paatients by this way.,2024-11-09 23:32:05,P3,Assess review and route to appropriate department.,Support,Inquirer
2ca2f580-6040-48b0-b423-3f49bbd98c22,Radhe Jaswal09,5,🥰🥰 keep going,2024-11-05 21:14:30,P3,Assess review and route to appropriate department.,Support,Inquirer
5ebe019d-a4d7-4ab0-a134-e6355deb85be,V R Suresh Babu,5,All good,2024-11-03 06:40:50,P3,Assess review and route to appropriate department.,Support,Inquirer
634bb0ca-87ac-4025-b614-40e0a3194277,Manthan Joshi,5,ImpactGuru has been a great support to us during tough times. Campaign managers like Priyanka Thakur are highly experienced and gives us unwavering support throughout the tough times. We have been well guided throughout the course of campaign. Priyanka would check about patient everyday and create supporting contents and reach out to people in multiple ways to help us raise the funds.,2024-10-29 18:15:07,P3,Assess review and route to appropriate department.,Support,Inquirer
70624cf4-f908-4737-b730-d9f055de304e,Pravin Chavan,5,"Impact Guru, this funding app is a very good platform which is very helpful for middle class people and Priyanka Thakur, who is helping us, tries to make every campaign successful in a good way.m",2024-10-29 16:13:09,P3,Assess review and route to appropriate department.,Support,Inquirer
2ad0cdb4-ff81-43e4-b306-a94cdd715e82,Ritesh Vs,1,Website not working no call response,2024-10-28 14:14:39,P3,Assess review and route to appropriate department.,Support,Inquirer
92c48e8a-3df7-4c35-b680-e6a2ae5d6344,Sai Teja Vanamala,1,Fraudulent app Forces you to take medibuddy subscription and which is totally fake,2024-10-22 00:16:14,P3,Assess review and route to appropriate department.,Support,Inquirer
18be980d-4aad-4918-904b-2426f2495395,Amol S,1,Patient details are properly visible.,2024-10-15 22:21:39,P3,Assess review and route to appropriate department.,Support,Inquirer
9246bd73-5511-4aab-bdf7-9810cc45936e,सळीलः नायकः,5,प्रेतेभ्येन पीडित रोगाग्रग्रस्त जीवेषु सहय्याय एकः सङ्घटनायाः यंत्र द्वारा भवतां अस्मान् सर्वान् शर्वान् आनीतम् इदं एकः। हरिः ॐ।।,2024-10-12 13:52:23,P3,Assess review and route to appropriate department.,Support,Inquirer
6e39cde0-d323-4810-809f-c4489411313f,Abhishek Singh,5,good,2024-10-08 19:22:26,P3,Assess review and route to appropriate department.,Support,Inquirer
7e8b25cc-7248-4fc5-83ea-d7a3cac51c90,Digambar Wagatkar,5,Good app,2024-10-04 17:33:20,P3,Assess review and route to appropriate department.,Support,Inquirer
b60ad7fe-ba7c-47e8-8501-dd6efcf43436,Simran Rego,1,They are a bunch of scammers. Please do not donate here. Your money never reaches the needy,2024-09-26 17:19:57,P3,Assess review and route to appropriate department.,Support,Inquirer
fdc8c6b2-1700-4849-9933-52834017170e,Subhrajyoti Patra,5,serve all & help others,2024-09-23 00:13:11,P3,Assess review and route to appropriate department.,Support,Inquirer
52e08b46-b0a7-4b0d-82d5-0c0935001c5f,harshit khandelwal,1,"Pathetic Experience 👎🏼👎🏼 Unable to login even after recieving OTP on mobile. Every time it says wrong OTP. Even after complaining about the problem to the team via whatsapp, there is no resolution till date for the same.",2024-09-05 12:50:12,P3,Assess review and route to appropriate department.,Support,Inquirer
4838d312-9c7f-44c1-bae1-fcfc3d3e05d1,JSA ENTERPRISES,1,"Without my consent,how can u auto debit from my account, please refund my amount,u r looting money name of help",2024-09-02 06:25:08,P3,Assess review and route to appropriate department.,Support,Inquirer
49766446-60af-460d-902a-3af2ae168cde,Akarsh Sahani,4,now i m going to try this app,2024-08-30 17:21:54,P3,Assess review and route to appropriate department.,Support,Inquirer
e1cd8df0-414e-4c42-8847-286b776888bb,Anubhav Kumar,1,HORRIBLE THIEVES 1. They will constantly and daily try to sell you useless products and services over your collected funds and will not feel bad about it 2. They will act deaf at the time of withdrawal of the amount and try their best that you receive as little as possible 3. Their agents are good at staying calm enough to explain why the withdrawal process is slow no matter how much you shout at them but don't think they do so with good intentions. They are stalling for time Lot more.......,2024-08-25 20:46:40,P3,Assess review and route to appropriate department.,Support,Inquirer
3aa5e08a-59fb-4746-90b6-9003fc2a6090,G Bhushan,5,so very good,2024-08-08 20:09:37,P3,Assess review and route to appropriate department.,Support,Inquirer
ee3a2c3a-d73d-4e0b-ae8c-28ef332a2c1b,Amit Kumar,5,good 👍,2024-08-05 14:08:09,P3,Assess review and route to appropriate department.,Support,Inquirer
b48c369d-1f44-4a95-bc52-8ea361966645,Gajendrasingh Chauhan,5,excellent helping base for need fulfillment of helpless.,2024-08-02 13:01:09,P3,Assess review and route to appropriate department.,Support,Inquirer
2f4da44d-b04c-4aec-a2f4-92502f370158,Mani,5,good👍,2024-07-31 08:56:06,P3,Assess review and route to appropriate department.,Support,Inquirer
d7f25ad0-e2f3-44a4-9e97-215d926618b9,Ravindra Bhadke,5,ok,2024-07-28 15:23:43,P3,Assess review and route to appropriate department.,Support,Inquirer
1b3f4fb6-0de5-4900-bcf3-b0dad4d6dbdd,Priyanka Nathani,1,"The staff is very clingy. I agreed to start 1 monthly installment , but the staff keeps calling nd forcing to donate more and buy insurance policy. Now I have 5-7 installments , and still they aren't satisfied. They keep calling even when I told them clearly I can't afford more. I had to block their numbers. Not sure if they are genuinely donating to good cause, or just profiting. P.S. - PLS STOP calling after this review, I don't need ur any assistance or automated response. JUST STOP CALLING!",2024-07-24 10:56:08,P3,Assess review and route to appropriate department.,Support,Inquirer
11b6ba92-ca6f-407f-82ae-76b70f3d15c5,incredible toton,1,"Tatally fraud!! Don't use this app atleast for raising funds..I used this app for raising funds for my father in 2023 but when I need the raised funds, I didn't get that amount..I tried so hard to withdraw that funds but no one had helped me from their team regarding that..Even after my father's death in 2023, I couldn't be able to withdraw that amount.. please don't make fraud with public's raised funds..Very BAD..",2024-07-18 11:01:47,P3,Assess review and route to appropriate department.,Support,Inquirer
aab5caea-a2b6-4121-812e-b693e88bb194,MUBARAK PASHA B,5,good app for all,2024-07-15 14:05:22,P3,Assess review and route to appropriate department.,Support,Inquirer
6ea489c8-670d-44aa-b3a2-fbec6b6bf81b,Gaurav Anand,2,Doesn't allow to login even after entering the right OTP. Tax redemption section takes too long to respond,2024-07-10 14:44:53,P3,Assess review and route to appropriate department.,Support,Inquirer
edc3539a-e4ca-4f14-a479-7f2f3791bfb2,Swathi Raja,4,No feature is working properly. Worst app. Pages are not getting loaded and I was waiting for couple of minutes and exited the app in anger. I was trying to download 10 E form for past one week still the form is not downloaded. Very worst app.,2024-07-05 09:59:21,P3,Assess review and route to appropriate department.,Support,Inquirer
d81ced0f-1320-461a-87ca-2893dfe96f21,Anuj Bansal,1,Fraud app hai.Please don't donate to this app.Auto debit close karne ke liye call kiya to switch off aa raha hai.Ab police complaint hi karna padega..Ye last warning de raha hoo..E-mail ka jawaab bhi nahi de rahe..Chor hai saale.,2024-06-29 11:30:49,P3,Assess review and route to appropriate department.,Support,Inquirer
1b5897ad-caac-4225-b456-dc8031c48253,RsMiruthou Charan,5,thankyou impact guru my son Life saved. 🙏🙏🙏🙏🙏😭😭😭😭,2024-06-24 10:25:28,P3,Assess review and route to appropriate department.,Support,Inquirer
f2292acc-b2f7-465c-8094-4eac181d5c7e,kulen kalita,5,good 👍👍,2024-06-23 00:12:31,P3,Assess review and route to appropriate department.,Support,Inquirer
ae6b8fb7-e21f-41f5-87aa-2cf78049c1a3,Pullela Srinivas Rao,5,Excellent online service site,2024-06-16 18:46:55,P3,Assess review and route to appropriate department.,Support,Inquirer
39d1c3b3-992b-4ce8-ae4c-e7967fd32e50,Krunal pawar,5,Helping the souls around us is the highest responsibility of the other soul . Great work 👍👍,2024-06-13 21:04:15,P3,Assess review and route to appropriate department.,Support,Inquirer
a235fe9c-d825-469f-ba89-b1d918f4f742,dm Koshiya,5,great 👍,2024-06-13 20:21:30,P3,Assess review and route to appropriate department.,Support,Inquirer
76c1834b-bed1-4980-b001-4d9c43bc030f,Iftekharul Haque,1,If you will make a post for crowdfunding that is not catchy ...they will simply ask you to request from your contact...at the end they deduct money from the raised amount and settle..In my case I managed to get 20799 and they settle 15000 ...rest amount they kept with them,2024-06-11 20:19:26,P3,Assess review and route to appropriate department.,Support,Inquirer
39f2b196-4ca5-4f14-b194-f8a460592ed0,Nilesh Warke,5,nice app,2024-06-11 16:59:30,P3,Assess review and route to appropriate department.,Support,Inquirer
c078a5ce-ecea-478a-bc89-6bbcc0f77ff7,govind kumar,5,impact guru ko har aane wale patent kaa acche se dhyan rakhna chahiye aur unka full support karna chahiye,2024-06-03 23:41:27,P3,Assess review and route to appropriate department.,Support,Inquirer
93b95c50-c95f-4461-a36c-dd9119fee41e,Desmond Fernando,5,The app provides a seamless experience. To be able to make donations for patients and that too who have been verified is excellent. Trustworthy app to make an impact for the needful.,2024-05-31 17:19:16,P3,Assess review and route to appropriate department.,Support,Inquirer
8e0105ef-71d0-46a5-8a5a-67a80324f1d8,MOHD SAIF,5,Amazing and hassle free process for donating on the fundraisers for the needy.,2024-05-31 12:46:07,P3,Assess review and route to appropriate department.,Support,Inquirer
b211afc8-af53-4876-810e-41376e00fea3,Vikas Kaul,5,Thank you Impact Guru for your GEM monthly feature. Helpful for maintaining a consistent giving habit. I would want to know more stories about those who are being helped.,2024-05-31 12:42:43,P3,Assess review and route to appropriate department.,Support,Inquirer
a4ffc1ee-17ec-4822-8ab6-952e3f54368d,Nimish Dali,5,"Kudos to the work you guys are doing. I'm a regular donor here. The fund utilisation reports are timely and precise. Transparency is key, so keep it up and keep inspiring!",2024-05-31 11:40:10,P3,Assess review and route to appropriate department.,Support,Inquirer
3ccf1fd1-0442-46ff-80a1-78faa57d3933,NARENDRA SONI,5,Thanks for all the help! I raised funds for my daughter here!,2024-05-30 19:20:12,P3,Assess review and route to appropriate department.,Support,Inquirer
c230737b-1969-4c7b-a0b3-238f37c63ef7,Mohd Zaid Rehmatpure,5,Employee engagement at its best,2024-05-30 19:13:12,P3,Assess review and route to appropriate department.,Support,Inquirer
aab49ea5-4de1-47ba-9aff-dc4abee9a381,SMKJ,5,Easy to track all your donations and claim your tax certificates in one go.,2024-05-30 17:52:33,P3,Assess review and route to appropriate department.,Support,Inquirer
a21303e3-9ba4-4866-8398-af83bef16db6,Mahendra Srivastav,5,"Has helped me donate for the needy, feels good!",2024-05-30 17:10:31,P3,Assess review and route to appropriate department.,Support,Inquirer
3837d2bf-a45c-4c34-a284-fb2427e289c6,Amogh Bedekar,5,Really great app!,2024-05-30 16:54:23,P3,Assess review and route to appropriate department.,Support,Inquirer
e0d81fc2-614f-449d-8b4e-dcd9fac6da67,saurabhsingh mandawat,5,Best service give,2024-05-30 16:51:03,P3,Assess review and route to appropriate department.,Support,Inquirer
cd9fde46-30d7-48e0-a37e-cfcb6d06cb32,Abhishek Ladha,5,"I've been donating through this app, some glitches, still overall a great experience",2024-05-30 15:39:46,P3,Assess review and route to appropriate department.,Support,Inquirer
55323277-f8cd-4ad8-9d08-fe5e5b9213ff,javed Idrisi,5,nice aap,2024-05-30 15:25:02,P3,Assess review and route to appropriate department.,Support,Inquirer
171ba354-f504-4a03-ab29-014b1a6d0cde,Dev Patel,1,Unable to login shows number doesn't exist while I can login through same number on website. There's no option to update the image on given website,2024-05-30 12:35:57,P3,Assess review and route to appropriate department.,Support,Inquirer
1903c0f6-73a6-45aa-a5e8-d9cb44490c65,Aashir Shaikh,5,"The app has some glitches, but it has helped my friend raise funds in times of need.",2024-05-30 11:46:59,P3,Assess review and route to appropriate department.,Support,Inquirer
c5a2d845-4ed4-4a87-9e2e-50e825511717,Viral Goradia,5,Excellent,2024-05-30 10:28:45,P3,Assess review and route to appropriate department.,Support,Inquirer
25d0d7c2-d130-45d4-9f92-3aa13e58e326,ANAND IYER,5,Very user friendly app. Thank you.,2024-05-30 10:25:22,P3,Assess review and route to appropriate department.,Support,Inquirer
0729338b-b076-497f-bcfa-a077079bada9,Keshab Chandra Mandal,5,"The app overall has a good agenda, can be a bit laggy though.",2024-05-30 10:18:14,P3,Assess review and route to appropriate department.,Support,Inquirer
f4aaf7d3-61ff-492a-8153-9c1c1641a340,Pankaj Nawani,5,"This is a good app. Helps me donate small amount of monies, as and when I like and in denomination that I want. Feels good to donate on special occasions. I just wish they could also create more visibility on how are my donations helping specific people. Also I would like to get in touch with other like minded donors.",2024-05-30 09:20:34,P3,Assess review and route to appropriate department.,Support,Inquirer
e8ba0af3-63d2-420f-b15d-91ce4c6e62dc,sheetal,5,Excellent,2024-05-28 14:51:45,P3,Assess review and route to appropriate department.,Support,Inquirer
c57cf6c6-c4e9-450f-aa0b-6b51e6041798,Call Me Agent M,3,"The app is good, but it is hard to see where you can cancel the monthly donation? I suggest everyone, if you want to make a donation, PLEASE check if they have automatically selected ""Monthly"". I accidentally did the monthly because usually they ask you, but they did not and i ended up doing just that. Also, even when i cancelled it, i am still getting calls. Got 3 calls in 3 days. Like chill. I will do it if i want to, i don't want you people calling me just because you have my number.",2024-05-25 17:51:36,P3,Assess review and route to appropriate department.,Support,Inquirer
e983665b-23ae-489b-8bf3-2d5c563e18ff,Testsocial login,5,"very nice application, easily helps to donate to anyone's,I got 80G",2024-05-23 16:34:44,P3,Assess review and route to appropriate department.,Support,Inquirer
26f2404b-b738-4dd1-a944-30cd9fbcb895,Lakshmi Parvati bobba,1,App not opening,2024-05-18 16:29:14,P3,Assess review and route to appropriate department.,Support,Inquirer
84e3ed59-ca43-4059-a2d5-3bc8fce00625,jkk u,5,It is very much supporting app and the organisation is very helpful to me.Mr chandan help a lot in hospital as well as in crowd funding.thanks a lot,2024-05-13 17:07:39,P3,Assess review and route to appropriate department.,Support,Inquirer
c96429d8-c3aa-4c34-8fb8-c641782efa14,mahdi raza,5,"I liked their Beta Testing activities, always trying out for something new, keep it up!",2024-05-10 13:47:41,P3,Assess review and route to appropriate department.,Support,Inquirer
c958fdfd-fdaf-47d8-9203-fcdc3ed6fc61,Poornima Pawar,5,"I have tried donations on multiple platforms, this one's better at informing you about the utilization.",2024-05-08 17:52:19,P3,Assess review and route to appropriate department.,Support,Inquirer
2bfa7ce7-e169-4e20-b8ce-e8af21c7c99d,Engineering Dabba,5,"A shoutout to everyone who donated through here, we could raise money for my uncle for his worsening ailment. Thanks a lot impactguru!",2024-05-08 17:22:43,P3,Assess review and route to appropriate department.,Support,Inquirer
a117d19a-b760-42dd-9fcc-649f1c89b884,TusharLokare,4,Donating just got easier & safer at the same time,2024-05-08 16:31:38,P3,Assess review and route to appropriate department.,Support,Inquirer
7376ee3b-9a52-4529-b34b-5798142c8f5c,Sumit,5,One of the best app to raise funds with great features ! ❤️ ❤️ ❤️,2024-05-08 15:53:08,P3,Assess review and route to appropriate department.,Support,Inquirer
555fbcb3-29e8-44ca-a1f5-89331b96cc01,Abdul Kayum Shaikh,5,They have made charity a breeze,2024-05-07 18:32:42,P3,Assess review and route to appropriate department.,Support,Inquirer
6312ef7b-acb8-44ac-ac71-ef89ca8d69d2,ashish yadav,5,"GEM subscriptions are a handy tool, allows me to separate out my donations through the months.",2024-05-07 17:51:47,P3,Assess review and route to appropriate department.,Support,Inquirer
11728c8d-cf38-44c8-9cd5-fb4b8006d989,pooja vhanmane,5,It was a great experience with this platform I am very happy that I am the member of impactguru,2024-05-07 14:58:21,P3,Assess review and route to appropriate department.,Support,Inquirer
2292baf4-185a-42d3-9c3a-14aeb5765722,Aniket Randive,5,Feels great to help a fellow human! The flows can be a bit better though.,2024-05-07 14:34:30,P3,Assess review and route to appropriate department.,Support,Inquirer
9adf5149-5eda-407d-8545-cb5718119992,Rahul Sawant,5,"When my friend needed urgent medical care, ImpactGuru was a lifesaver. We were able to raise the funds quickly, and the platform's updates kept us informed about her treatment. I'm eternally grateful.",2024-05-07 14:02:20,P3,Assess review and route to appropriate department.,Support,Inquirer
8412e87e-a7f6-4939-bb08-032fd058696d,Pranit Mahure,5,"Had a seemless experience while donating, though they take a platform fee, their service team explained the entire breakdown in detail, it's only fair they keep their operations running.",2024-05-07 14:00:15,P3,Assess review and route to appropriate department.,Support,Inquirer
c54c16c0-2fd8-4f9f-ba31-625ab85d591a,Saif Hamdare,5,Good to some good in the world!,2024-05-03 16:45:21,P3,Assess review and route to appropriate department.,Support,Inquirer
981a1149-4bef-4d02-bbc6-1d710cc2e6d5,Yash Narula,5,"The app needs to work on reducing the click baity behaviour to subscriptions, but overall, a great initiative!",2024-05-03 16:38:08,P3,Assess review and route to appropriate department.,Support,Inquirer
e3aca54d-28fb-4313-adff-3784f5bbff15,Aditya Sonone,5,nice app,2024-05-03 16:35:22,P3,Assess review and route to appropriate department.,Support,Inquirer
73ef2a5e-d446-493b-a32d-8e45ef90bf85,Lalit Wadekar,5,Nice app easy to donate,2024-05-03 16:32:29,P3,Assess review and route to appropriate department.,Support,Inquirer
3a9e17fa-538e-430c-87bb-95fd679be554,noel,5,Smooth onboarding,2024-05-03 16:30:56,P3,Assess review and route to appropriate department.,Support,Inquirer
f4745a50-3774-4554-939e-f3762202bda8,Gaurav Morande,5,This is the best platform to help someone,2024-05-03 16:30:09,P3,Assess review and route to appropriate department.,Support,Inquirer
b00b9c7f-be6b-4669-8eb0-1a1764ab3c77,Rupak Das,5,Good work,2024-04-24 18:33:19,P3,Assess review and route to appropriate department.,Support,Inquirer
b3200b20-95b0-4e49-be04-2d598f8bb1ed,Subhendu Kumar Sahoo,5,"ita crowed funding platform, it's save many life.thank you team for your unconditional support.",2024-04-24 08:22:19,P3,Assess review and route to appropriate department.,Support,Inquirer
ec83ca9f-f71f-4353-b4c3-1e770f2ffc4d,Geoboy 96,4,"Thanks to the team to help me in a terrific helth issue. I personally satisfied by the team of Amir Biswal in odisha, they help me like my family in finance and all of my moral support. But I have a request to impact guru team please minimise the lengthy payment process like found transfer between hospital and the team. Otherwise it is good.",2024-04-18 23:13:00,P3,Assess review and route to appropriate department.,Support,Inquirer
2a22e0e7-9d68-4bd4-8588-3d974ff15b19,SANDEEP JANGIR,1,Impact guru going to be another ketto. All day call and marketing for their insurance bussiness model.,2024-04-10 12:02:59,P3,Assess review and route to appropriate department.,Support,Inquirer
4d21e25f-db16-4245-8ed2-16f20fa3608f,Pandey,1,😡😡😡please is pr bilkul bhi bharosa na kare qki maine apni father ke liye donation ikattha karne ke liye is app se madad mangi pr isne kaha mujhe ki pahle aap apne contact ke ligo se kuch paise ikatthe kare phir hm use age badhayege jisse aur log bhi apki madad karege pr jab maine apne related logo se paisa mng kr ikattha kiya vo sare paise inhone rakh liye 5500 ruey ho gaye the pr isse age nhi bdh rahe to maine inse kaha ki ap mere paise lauta do pr inhone koi response nhi diya 😭😭😭😭,2024-04-10 10:52:30,P3,Assess review and route to appropriate department.,Support,Inquirer
6d25c392-34d5-41da-b025-6694b16a3660,Sanjana Seshadri,5,Impact Guru as the name suggests is playing a rather significant role in the life of those in need and making this world a better place by bringing people together for a noble cause! Kudos to them! Keep up the good work!,2024-04-10 00:54:44,P3,Assess review and route to appropriate department.,Support,Inquirer
83ab263b-d469-4692-8c51-bbfc21baa83e,Upendra Dwivedi,5,"Good app, But where is my page i don't seen",2024-04-06 07:26:28,P3,Assess review and route to appropriate department.,Support,Inquirer
8f368026-abee-4074-a52e-23dab31491ef,Colby Lopez,1,I once made a payment of 500 rupees now every month without my consent they enabled auto-payment option without my consent. Highly disappointed! I spoke to the customer care to disable my auto payment option as it was only one time payment and now on monthly basis! Yet I' m getting called by them and on my work time they disturb me by making calls. While I am at work. Do not use this app! It is fake and fraud. They take disadvantages of you.,2024-04-03 09:52:23,P3,Assess review and route to appropriate department.,Support,Inquirer
5cc1178d-994a-46dd-bef9-4aeaa1269d72,Kalyani Iyer,2,"Dear Reader, pls delete it from Gpay/cred/phonepay, the autopayment option, if you aren't willing to pay every month There seem to be some setting issues we face, and unknowingly, we too agree to auto pay. Feeback : I helped one-time donation ...it seems they enabled auto payment. I'm not even bothered to inform ... only a junk email sent that, too, and now I'm not able to open it. No wonder ppl are scared to do any online fund donation!! Really not appreciated and highly disappointed!!",2024-04-01 11:18:24,P3,Assess review and route to appropriate department.,Support,Inquirer
f9fe48b5-0431-4352-a94d-c5488c7a184c,Kalyan Kumar,1,"Is this fake or real I can't understand,i tried to help a baby patient named yuvika betageri , I tried to check the updates of her but last update was on few months before and now on mar 31 when I checked her name in search results it says they longer accept the funds ,and update she was in medication, and at the same time I tried to login with my email and tried to check in donations tab & it shows funds needed urgent . what is this ? R u fooling peoples ?",2024-03-31 23:51:49,P3,Assess review and route to appropriate department.,Support,Inquirer
7f66f18e-76fd-458a-91e5-8a39b467636a,kanchan kumari,1,"Totally fraud!!!! I have donated few months back through their website. Now, without my knowledge every month the amount is getting auto debited. I have tried to connect them so many times through their customer care number but no response received. I have also tried to connect them through WhatsApp but no one is responding. Cancel my subscription asap or else I will file complain regarding this.",2024-03-31 17:07:08,P3,Assess review and route to appropriate department.,Support,Inquirer
c08f43ef-346f-419c-bc6d-f877bedcc762,Ram Chauhan,5,Very good app .....i liked it a lot ...👌👌,2024-03-30 18:28:43,P3,Assess review and route to appropriate department.,Support,Inquirer
7c20ea33-0346-4fd3-8f3e-37695d2087cc,D S,1,"When I try to login with my phone number, I always get an error with wrong OTP. I am providing the right OTP as received. Please check this. Its been a month!",2024-03-21 11:34:51,P3,Assess review and route to appropriate department.,Support,Inquirer
d234c9de-289d-4188-8c6e-6ac968e3756e,Bibhuti Nayak,5,Impact guru is the best platform to rise a funds and very helpful fir needy person and team of impact guruare very helpful and brilliant. Thank you so much impact guru for your help,2024-03-14 20:12:57,P3,Assess review and route to appropriate department.,Support,Inquirer
f9f7ddb8-9914-4da9-80ab-71c0d8b1970a,Muzzammil Siddiki,1,Once you donate money then every month auto deduction without any permission,2024-03-04 09:52:57,P3,Assess review and route to appropriate department.,Support,Inquirer
8c6ecb78-111f-4fe9-9fc2-98f5b271edb8,Mukund Pandit,5,Worth donating,2024-03-02 10:29:38,P3,Assess review and route to appropriate department.,Support,Inquirer
b30dca77-185e-40ac-95e1-ccbb719726ae,App Donor,5,"Easy to donate ,",2024-02-29 15:43:29,P3,Assess review and route to appropriate department.,Support,Inquirer
84e5efda-210b-491b-8f5e-e294e981299a,shakthi visakan,1,This app has been designed in a way to make the donors donate monthly by default unless the donors are vigilant. This clearly shows that the company uses cheap tactics to get donation.,2024-02-28 20:43:21,P3,Assess review and route to appropriate department.,Support,Inquirer
365f6516-cb9c-421a-9cfc-d4e76b897eeb,KRITI SRIVASTAVA,1,Fraud app they are doing business instead of helping. We were arranging fund for my niece treatment but she left us. And now they are making excuses for giving that money to us. Even they are lieing that they have provided medical insurance to the doners. Instead of using this platform transfer money directly to the neeedy people account or use different platform. Not this one. Absolutely fraud app😡😡😡,2024-02-22 09:23:22,P3,Assess review and route to appropriate department.,Support,Inquirer
b5860370-78a9-472d-96ce-627612087183,seena srinivas,5,Thank you so much give me the best chance to pay 🙏🙏🙏💞💞💞🙏🙏🙏,2024-02-21 13:13:20,P3,Assess review and route to appropriate department.,Support,Inquirer
304f967b-1bd5-4b9f-a048-0077034403ab,Soham Patel,1,Scammers do not use I beg you do not.,2024-02-21 02:31:01,P3,Assess review and route to appropriate department.,Support,Inquirer
6c0b5bb4-346f-468f-bc64-ea930966345f,razz Joshi,5,Such a very helping app,2024-02-20 02:35:23,P3,Assess review and route to appropriate department.,Support,Inquirer
8ed548fa-aaa1-4ede-bc27-832bc1bc8cb0,Mallik arjun,1,"Such a pathetic service and never understands the urgency or situation of an patient. Customer service and agency/relationship manager service will be frustrating as they will respond at their convenience. Very damn slow and no proper coordiation among team for withdrawal or guiding the fundraiser. This is my experience from chennai. Hidden charges are applicable. For ex, out of 290000, 5500 will be deducted. 😅 They will say it's not waste it will due diligence charges but zero% platform fee",2024-02-16 07:51:36,P3,Assess review and route to appropriate department.,Support,Inquirer
bfa12732-8b5c-4daf-b92c-176fa3707ee1,Josekutty Abraham,1,"I attempted to make a payment for one child, but they enabled auto-payment in a deceptive manner, so please be cautious when making payments. In some instances, they don't disclose how much has been received so far, even when the estimated cost for the treatment is already known. Platforms like this can be very helpful to people, but the way payment information is presented to donors is insufficient and not trustworthy.",2024-02-11 11:41:44,P3,Assess review and route to appropriate department.,Support,Inquirer
5714c121-b5f1-4cb1-94a0-c00cd345591b,Ashrafuddin Ashrafuddin,1,without permission why you cut my amount auto cut next time don't cut my amount,2024-02-06 09:06:48,P3,Assess review and route to appropriate department.,Support,Inquirer
8dcd3b58-5bc0-4f2d-996a-ef02bcbb332f,Deepthi Krishnamurthy,1,Amount is getting auto debited without my knowledge. I didn't even subscribe. I noticed I am not the only person who faced this. I have requested for subscription cancellation but will I get my money back?? This is a big blow for people who wanted to help. Now wondering whether the donations I made is reaching right people or not.,2024-02-04 09:50:39,P3,Assess review and route to appropriate department.,Support,Inquirer
46c34f0f-ec4a-4143-8899-527d4a41229c,Rajeshkumar S,1,Once you donate....you keep on getting calls (every 10 days) to get subscription. They will MENTALLY HARASS you if you say no to them. Worst worst worst behaviour. I have a choice to donate or not and nobody can force me and you need to accept that. DO YOU THINK YOU ARE GOD??? SAVIOURS???? MESSIAH??? and only you can help and nobody else can. I just don't want to commit for donations on one platform. Please respect that.,2024-02-03 10:15:52,P3,Assess review and route to appropriate department.,Support,Inquirer
0891486e-40f3-4cef-b535-580e5ac9f527,inus patil,1,I donated once but without my knowledge every month amount is been auto debited,2024-02-02 08:33:29,P3,Assess review and route to appropriate department.,Support,Inquirer
1c842994-fd60-4193-b27c-95e7fece6951,Salauddin Ahamed,1,It's a fraud private limited company . I have raised a camping 7000 but they charge 6000 and GST rest amount I can't withdraw due to unknown reason.,2024-01-20 11:52:32,P3,Assess review and route to appropriate department.,Support,Inquirer
92b5d908-23ae-447d-8ae2-f76f26ca1d0c,Bishnu Charan Dakua,5,A Great Organisation which help me on my crucial moment... Impact Guru help me financially as well as mentally...One of it's employee named as Mohammad Arbaz an excellent guy guide me about medical atmosphere and help me more....So I really thank full to Impact Guru and his employee Mr. Mohammad Arbaz....,2024-01-15 11:22:33,P3,Assess review and route to appropriate department.,Support,Inquirer
4b0d3e0e-4f29-49ba-b502-da7af45614b5,Bidyut Manna,1,Most 3rd class customer service,2024-01-14 23:55:31,P3,Assess review and route to appropriate department.,Support,Inquirer
56426bc1-84f2-4f1c-b5d9-41e152549a4b,vaasu emme,5,great,2023-12-17 15:04:37,P3,Assess review and route to appropriate department.,Support,Inquirer
5eb84874-016d-498e-89ca-58ed685aea73,PRASANT DIGAL,5,Exllcent services provided by impactguru,2023-12-17 13:27:31,P3,Assess review and route to appropriate department.,Support,Inquirer
d8ceec60-e578-4dcb-bddf-74e6af404fb6,Swagnik Das,5,Great app. Except I have a request to the developers to please shorten the name to maybe Impact Guru Donation or Impact Guru or IG: Donation App. Impact Guru Donation : Donation App is really long.,2023-12-09 00:02:21,P3,Assess review and route to appropriate department.,Support,Inquirer
c47f1350-1444-436c-b7e1-5be7fc56abd7,Rakesh Yogeshwar,1,3class appp. pls dont donte any thing they will grab all your money from the account directly fake pplz dont follow them,2023-12-04 08:59:30,P3,Assess review and route to appropriate department.,Support,Inquirer
ded233f8-cae3-4285-b349-a83f47ad8781,Likhith Chinu,1,Stop my subscription I have subscribed to any auto debit stuff please stop it it asking for password i didn't keep any password,2023-12-02 12:31:18,P3,Assess review and route to appropriate department.,Support,Inquirer
64fa169c-a66d-4bb7-a520-8ca15d4d66f4,Ram Gupta,5,Great app for 80G claim,2023-11-28 19:01:47,P3,Assess review and route to appropriate department.,Support,Inquirer
ff2e7a5f-0120-4878-919f-a7a70a69cb6d,Qayyum Shaikh,1,Websit / app is Not working properly.,2023-11-26 20:20:07,P3,Assess review and route to appropriate department.,Support,Inquirer
fe5f8b5a-3c0a-412d-83ab-a4c8c6a47f4d,Preeti,1,They cut amount every month without my knowledge .they do not even allowe to easily cancil monthly donation . please stop cut my money...,2023-11-25 09:12:35,P3,Assess review and route to appropriate department.,Support,Inquirer
8f1ddb7a-ec15-40ed-aed8-f7bb00b4e32a,harish jangid,1,Fraud app. These people are scammers.,2023-11-23 12:27:40,P3,Assess review and route to appropriate department.,Support,Inquirer
59798cd7-49bb-458e-8cd2-625b72e9c4b8,Khusboo Agarwalla,1,Totally fraud and scam. I started a fundraiser for my mother's treatment. They charge a commission of 13% on the amount raised. They also asked me to donate first. Eventually my mother's expired and I asked them to stop the campaign. Total amount raised was 14k that too donated by my friends. I asked them to transfer the amt to my accnt and the actual amt transferred was 6k. No explanation on what happened to the rest of the amt. They don't even reply or rcv calls. BEWARE NEVER TRUST IMPACTGURU,2023-11-22 09:51:23,P3,Assess review and route to appropriate department.,Support,Inquirer
3f5533fd-6009-4685-b7af-0599774c2608,Explore UAE with Khan,1,Not good,2023-11-19 13:37:08,P3,Assess review and route to appropriate department.,Support,Inquirer
c10fbb9b-284d-41b2-bf00-823b3d544d5c,Abhishek Kumar Jha,1,"Fake app Got crowd funding for my father who was suffering in ipd,but these people decided to eat that all money,now they don't even respond to my texts or my enquiries",2023-11-10 12:26:32,P3,Assess review and route to appropriate department.,Support,Inquirer
b3f3e1b7-3ff7-4ad9-a4ee-acd6a42f2c5d,Anusha Sanyam Kamat,1,"I wanted to do only one relatively big donation but now every month amount is getting cut without my knowledge. They do not even allow to easily cancel monthly donations. Plus, they call everyday to do more donations. Please stop calling me and help me cancel my monthly donation.",2023-11-06 13:41:44,P3,Assess review and route to appropriate department.,Support,Inquirer
394ce360-3014-44f1-9eb1-c0dc63505f10,Rohini Nimsade,5,plz help me,2023-11-02 12:44:31,P3,Assess review and route to appropriate department.,Support,Inquirer
10fca14a-16ff-4da2-a569-1521fe151342,Amit Patel,1,Poor app the case I saw on insta I can not find because there is no search option and earlier I made some donation it doesn't show any history don't know if my money also going to right people or not,2023-10-31 07:45:09,P3,Assess review and route to appropriate department.,Support,Inquirer
5044c5bf-c8a3-4667-ae4c-b733f1188cbf,Sazid Ali,5,its nice,2023-10-28 15:55:55,P3,Assess review and route to appropriate department.,Support,Inquirer
40fefa7a-c969-4fa5-8b72-d9df42e6d9a0,Ajit Surana,5,like,2023-10-25 19:39:54,P3,Assess review and route to appropriate department.,Support,Inquirer
9802b802-b1df-4e03-bfb3-85e4142bc1d6,Sarkariya Shine,5,Thank you Almighty,2023-10-17 12:57:42,P3,Assess review and route to appropriate department.,Support,Inquirer
cbc9d3fc-5cc6-4564-88bc-a17a84fafe88,Sarvesh Yadav,5,Good deed always beneficial,2023-10-16 14:55:39,P3,Assess review and route to appropriate department.,Support,Inquirer
aaa27793-7a93-4717-b6b7-92d106809728,Hema Chandra,1,Any cust6 care email id or number,2023-10-14 22:28:26,P3,Assess review and route to appropriate department.,Support,Inquirer
60fa1228-7230-4fa6-bf42-4dc4c3103603,Shivalal Mainaly,5,Superb excellent work,2023-10-10 13:51:31,P3,Assess review and route to appropriate department.,Support,Inquirer
8b0f5a15-0591-4a56-ba03-771f1cf11815,NITISH Kumar,5,god bless you ❤️🙏,2023-09-29 23:49:57,P3,Assess review and route to appropriate department.,Support,Inquirer
d8dc64e4-c418-4729-aa8f-603e2942ebc3,Vasudha Dutt,1,"Totally fraud. On sunday, they informed me my payment has been successful, and on tuesday, they informed me my payment was unsuccessful, though when I checked with my bank, my payment was successful, I even have proof to show that. Moreover, they insist people to donate every month. They are not raising funds for the needy, but for themselves",2023-09-20 14:51:29,P3,Assess review and route to appropriate department.,Support,Inquirer
8aa4eb3f-ae3f-4898-acc8-7668fa9aed12,Sumi Maryam,1,"Unnecessary deduction are occurring on my credit card. Please be carefull , these app people are going on deducting my mon3y after I donated a single time.. please dint give your card details to them..",2023-09-17 05:10:18,P3,Assess review and route to appropriate department.,Support,Inquirer
f05d7797-ce2d-4064-8f1a-2d5e5d91e28b,ABHISHEK JHA,1,Totally fraud.. Don't trust them. Only make money,2023-09-17 00:51:35,P3,Assess review and route to appropriate department.,Support,Inquirer
ecaefa61-907a-4b31-b59e-1c34d5e95be6,Mukesh Singh,5,Nice,2023-09-15 22:41:53,P3,Assess review and route to appropriate department.,Support,Inquirer
fc9e3a09-897f-49cb-98c5-8432656b407a,SAPTAGIRI SRINIVAS,1,"Useless App. I can't update my registered e-mail ID, neither my details shows under the profile linked to my registered mobile number.",2023-09-04 12:52:21,P3,Assess review and route to appropriate department.,Support,Inquirer
5352f5b5-113a-4be5-a1d6-8eebf433c589,PRAHLAD SINGH MEENA,5,This is great,2023-08-29 09:39:12,P3,Assess review and route to appropriate department.,Support,Inquirer
8e683a46-42ed-499f-b42d-36e6be01de3f,Dipti Sharma,5,Doing great work for humanity,2023-08-24 13:48:44,P3,Assess review and route to appropriate department.,Support,Inquirer
2a40cf8c-42c3-4133-9d50-610642b928b2,A Jorj,1,Fraud,2023-08-17 10:31:09,P3,Assess review and route to appropriate department.,Support,Inquirer
4670f564-bb3f-414e-af6c-b4da5029149d,saleen rege,5,Very helpful application. Helped me get my tax documents for all donations I had made in the last year.,2023-07-31 16:43:15,P3,Assess review and route to appropriate department.,Support,Inquirer
ab285470-0970-44b3-a96e-a3694e0a9626,Bz,1,Pathetic digital fraud organisation.dont donate not at all supportive.its corporate company who's paying handsome salary to their employees by the donations.not at supporting to the medical fund seekers.requesting play store ban the app,2023-05-24 11:51:34,P3,Assess review and route to appropriate department.,Support,Inquirer
7560db60-18b6-4f2a-8602-567222bbc137,Milan Kurkute,1,Total total fraud these people are totally fraud people they take the advantage of all the people the relatives were admitted to the hospital collect all the documents all the necessary estimates and everything and their raise money for themselves not for you please ban these apps from Play Store they are totally fraud don't even install this app don't even think about this impact Guru or whatever,2023-05-09 16:37:50,P3,Assess review and route to appropriate department.,Support,Inquirer
8d95c7b8-ce3a-4e41-b028-3784cf64e595,Anand Sharma M. S.,1,"Login issues, useless app tried many times but says wrong password/ otp login credentials wrong. Looks fake app. Just donated and then downloaded app.",2023-04-19 02:44:40,P3,Assess review and route to appropriate department.,Support,Inquirer
c218f657-ed8a-44bb-9e80-f3c9730515e5,Roni Zala,5,Good idea,2023-04-18 21:08:12,P3,Assess review and route to appropriate department.,Support,Inquirer
31cea19d-bd9e-4095-bc0a-fb36bc0752ca,Kushal Rao,1,"OTP is always not being accepted. No way to login, using forgot password, the otp is not accepted. Overall just use the website, the app is useless.",2023-04-14 13:54:27,P3,Assess review and route to appropriate department.,Support,Inquirer
3e0e6547-e7e3-4fd4-b5dd-61280e9c01bc,Niladri Chatterjee Maskman,1,Don't trust them.,2023-04-09 00:16:46,P3,Assess review and route to appropriate department.,Support,Inquirer
bb3febbd-d5d5-428f-b4a8-f0290c92f315,Timir Jash,5,User Friendly!!,2023-03-13 17:59:01,P3,Assess review and route to appropriate department.,Support,Inquirer
a6e87fc1-1443-4cad-b8c4-0519a2b0bb6d,G S Sandhu,1,Totally fraud,2023-03-07 13:28:55,P3,Assess review and route to appropriate department.,Support,Inquirer
0eb9f863-6de0-4899-98a1-43aa536e9b66,Nandlal Kumar,3,Hi..maine in ka add Facebook pr dekha.mujhe bahot acha laga.impact guru ka yah kam.bahot sarahniy hai.lekin mujhe inki eke cheez ye achhi nhi lagi ki aap ne maximum250 rupay se upar ka hi donate kr sakte hai.but ye sahi nhi hai. Bharat eke bahusankhya wala desh hai jo ki world me 1st number pe ata hai.bharat ke log agar 30% bhi keval 1-rupay donate karte hai to kisi bhi bimari ka ilaz Kiya ja sakta hai .to Mera impact guru se request hai.ki ve 1-rupay se upar jitana bhi donate karena chahete hai,2023-03-02 21:11:51,P3,Assess review and route to appropriate department.,Support,Inquirer
1a9b791b-5e93-4c6f-9543-096f853bd57d,Vinay,1,This is fraud app I gave my mother documents..they said we will help you..and they are not helping us.. they're making business.. making fun out patients.. please don't give any medical certificates or anything they're making business... fraud apps,2023-03-02 20:25:54,P3,Assess review and route to appropriate department.,Support,Inquirer
4a01229c-8ced-4d59-871f-cf3105465a6e,Dilip kumar,2,Not approving since 15 days very slow process,2023-03-01 15:10:46,P3,Assess review and route to appropriate department.,Support,Inquirer
8a6d2db5-27ec-47be-bb73-c56479200e94,Debangshu Sarkar,1,NOT permiting to enter otp. Auto deleting 1st 5 numbers. As such I can't login,2023-02-18 15:03:58,P3,Assess review and route to appropriate department.,Support,Inquirer
ae6d355e-139e-45ef-86f2-bc02b2deeec3,MD ISTEYAK ANSARI,5,Very good,2023-02-01 20:50:44,P3,Assess review and route to appropriate department.,Support,Inquirer
4db00bb2-c899-44cd-8632-3f7d644db33f,Satyabrata Kanjilal,1,One word- Froude company,2023-01-25 13:21:39,P3,Assess review and route to appropriate department.,Support,Inquirer
674d60ff-0940-4f7c-9915-eb0c8f6b3ae3,Sumeet Solanki,1,"I wish I could rate it 0 star. They are so manipulative and won't help you in time of need. First they'll be so helpful and in time of need they'll behave stranger. I regret of using this pathetic donation app. Also, I lost my father and as soon as they knew it, they took over my login credentials. Don't trust them. They're just into business. Nothing else they worry about but only money..",2023-01-23 07:27:54,P3,Assess review and route to appropriate department.,Support,Inquirer
80d97837-9a5d-4cc2-8207-c952f0624253,Amit R Sharma,1,"Fraud organization ....Vultures looking to feed on needy ppl, don't even fall for their talks initially they ask you to get Some funds in your fundraiser post which they will start posting it on different channels which you can't obviously follow or see ... later when your known people get the fundraiser moving it will be just that amount in your fundraiser when you try to withdraw it they will tell its their fee if fund is below 25k so basically you can't withdraw it",2023-01-11 16:07:19,P3,Assess review and route to appropriate department.,Support,Inquirer
072c78ad-e7fe-4747-9ba3-91610e4ae61a,Sethu M39,1,Whenever am trying to register its showing invalid mobile number,2023-01-09 14:27:13,P3,Assess review and route to appropriate department.,Support,Inquirer
6fed17b6-2509-4e26-937e-f7de5ae30c81,SOMESH Mahajan,1,I am somesh mahajan impact Guru farji crowd funding website hai ye aap ko payment wapis nhi denge aap se payment lelenge or roj roj nyi nyi condition lagu krenge please ase crowd funding ke chakar mae n pade,2023-01-09 11:49:02,P3,Assess review and route to appropriate department.,Support,Inquirer
52c2a881-52e2-42b9-9c0e-647a82ddae40,Harsh Shukla,5,Great App!,2023-01-07 20:38:50,P3,Assess review and route to appropriate department.,Support,Inquirer
b4a96ded-c778-4d88-9b2a-542cef8b98e8,Moxesh Mehta,5,Easy to use application. I can track the donations I have made.,2022-12-21 00:20:48,P3,Assess review and route to appropriate department.,Support,Inquirer
1b9fe5c6-7606-44e0-a2b8-787e6c8909dd,King Leon,5,Great work.,2022-12-20 08:35:39,P3,Assess review and route to appropriate department.,Support,Inquirer
8d6f16aa-fecb-47bd-88af-c249736db39a,J,1,Can't login. Why can't I sign using FB account as I do in the website?,2022-12-03 03:37:58,P3,Assess review and route to appropriate department.,Support,Inquirer
